{"system idle process": 100, "system": 48.34999999999993, "": 50.93999999999981, "registry": 50.93999999999981, "smss.exe": 100, "svchost.exe": 100, "csrss.exe": 100, "wininit.exe": 100, "winlogon.exe": 100, "services.exe": 100, "lsaiso.exe": 50.93999999999981, "lsass.exe": 100, "cmd.exe": 55.66999999999887, "wudfhost.exe": 52.81999999999944, "fontdrvhost.exe": 100, "dwm.exe": 100, "intelcphdcpsvc.exe": 50.93999999999981, "searchindexer.exe": 100, "antigravity.exe": 49.78999999999785, "nvdisplay.container.exe": 51.879999999999626, "msedgewebview2.exe": 58.32999999999834, "memcompression": 50.929999999999815, "msedge.exe": 56.57999999999869, "conhost.exe": 61.179999999997776, "audiodg.exe": 100, "powershell.exe": 54.349999999999135, "applicationframehost.exe": 50.93999999999981, "spoolsv.exe": 100, "dchuservice.exe": 50.93999999999981, "intelaudioservice.exe": 50.93999999999981, "ipf_uf.exe": 50.93999999999981, "hkclipsvc.exe": 50.93999999999981, "jhi_service.exe": 50.93999999999981, "ipfsvc.exe": 50.93999999999981, "officeclicktorun.exe": 50.93999999999981, "wmiprvse.exe": 51.30999999999974, "mpdefendercoreservice.exe": 50.93999999999981, "wmiregistrationservice.exe": 50.93999999999981, "rtkauduservice64.exe": 50.93999999999981, "msmpeng.exe": 100, "startmenuexperiencehost.exe": 50.929999999999815, "java.exe": 52.25999999999955, "fxsound.exe": 50.86999999999983, "runtimebroker.exe": 100, "language_server_windows_x64.exe": 50.71999999999986, "searchhost.exe": 50.93999999999981, "ipf_helper.exe": 50.93999999999981, "whatsapp.root.exe": 50.34999999999993, "dart.exe": 100, "translucenttb.exe": 50.93999999999981, "wlanext.exe": 50.93999999999981, "sihost.exe": 50.93999999999981, "intel_pie_service.exe": 50.93999999999981, "aggregatorhost.exe": 50.93999999999981, "widgetservice.exe": 50.93999999999981, "widgets.exe": 50.93999999999981, "taskhostw.exe": 100, "crossdeviceresume.exe": 50.93999999999981, "intelgraphicssoftware.service.exe": 50.93999999999981, "appactions.exe": 50.93999999999981, "explorer.exe": 100, "shellhost.exe": 50.93999999999981, "presentmonservice.exe": 50.93999999999981, "dartvm.exe": 49.06999999999979, "ngciso.exe": 50.93999999999981, "ctfmon.exe": 50.89999999999982, "pyrefly.exe": 50.35999999999993, "shellexperiencehost.exe": 100, "nissrv.exe": 50.93999999999981, "textinputhost.exe": 50.90999999999982, "node.exe": 100, "adb.exe": 50.34999999999993, "python.exe": 100, "fnkey.exe": 50.93999999999981, "mousocoreworker.exe": 50.10999999999998, "msbuild.exe": 49.53999999999999, "cmake.exe": 50.079999999999984, "dartaotruntime.exe": 51.14999999999977, "qunx_ai.exe": 100, "snippingtool.exe": 50.01, "searchfilterhost.exe": 50.4999999999999, "searchprotocolhost.exe": 50.25999999999995, "smartscreen.exe": 50.04999999999999, "chrome.exe": 53.039999999999395, "phoneexperiencehost.exe": 50.58999999999988, "dis.exe": 50.44999999999991, "updater.exe": 50.20999999999996}